Pt (#),T (s),Vf (V),I_m (A),V_u (V),Pwr (W),Sig (V),Ach (V),Temp (degC),IE RG (#),Over (bits)
#,s,V,A,V,W,V,V,deg C,#,bits
0,5,1.24233E+000,-2.00E+00,0.00000E+000,-2.49E+00,-2.00E+00,-1.00E-04,-3.28E+02,12,...h......a
1,10,1.22526E+000,-2.00E+00,0.00000E+000,-2.45E+00,-2.00E+00,-9.69E-05,-3.28E+02,12,..........a
2,15,1.21826E+000,-2.00E+00,0.00000E+000,-2.44E+00,-2.00E+00,-9.74E-05,-3.28E+02,12,..........a
3,20,1.21474E+000,-2.00E+00,0.00000E+000,-2.43E+00,-2.00E+00,-9.39E-05,-3.28E+02,12,..........a
4,25,1.21260E+000,-2.00E+00,0.00000E+000,-2.43E+00,-2.00E+00,-9.29E-05,-3.28E+02,12,..........a
5,30,1.21087E+000,-2.00E+00,0.00000E+000,-2.42E+00,-2.00E+00,-9.82E-05,-3.28E+02,12,..........a
6,35,1.20923E+000,-2.00E+00,0.00000E+000,-2.42E+00,-2.00E+00,-9.83E-05,-3.28E+02,12,..........a
7,40,1.20743E+000,-2.00E+00,0.00000E+000,-2.42E+00,-2.00E+00,-1.00E-04,-3.28E+02,12,..........a
8,45,1.20552E+000,-2.00E+00,0.00000E+000,-2.41E+00,-2.00E+00,-1.03E-04,-3.28E+02,12,..........a
9,50,1.20357E+000,-2.00E+00,0.00000E+000,-2.41E+00,-2.00E+00,-1.02E-04,-3.28E+02,12,..........a
10,55,1.20173E+000,-2.00E+00,0.00000E+000,-2.40E+00,-2.00E+00,-1.04E-04,-3.28E+02,12,..........a
11,60,1.20004E+000,-2.00E+00,0.00000E+000,-2.40E+00,-2.00E+00,-1.00E-04,-3.28E+02,12,..........a
12,65,1.19851E+000,-2.00E+00,0.00000E+000,-2.40E+00,-2.00E+00,-1.05E-04,-3.28E+02,12,..........a
13,70,1.19717E+000,-2.00E+00,0.00000E+000,-2.40E+00,-2.00E+00,-1.07E-04,-3.28E+02,12,..........a
14,75,1.19605E+000,-2.00E+00,0.00000E+000,-2.39E+00,-2.00E+00,-1.09E-04,-3.28E+02,12,..........a
15,80,1.19509E+000,-2.00E+00,0.00000E+000,-2.39E+00,-2.00E+00,-1.09E-04,-3.28E+02,12,..........a
16,85,1.19430E+000,-2.00E+00,0.00000E+000,-2.39E+00,-2.00E+00,-1.10E-04,-3.28E+02,12,..........a
17,90,1.19363E+000,-2.00E+00,0.00000E+000,-2.39E+00,-2.00E+00,-1.12E-04,-3.28E+02,12,..........a
18,95,1.19307E+000,-2.00E+00,0.00000E+000,-2.39E+00,-2.00E+00,-1.15E-04,-3.28E+02,12,..........a
19,100,1.19250E+000,-2.00E+00,0.00000E+000,-2.39E+00,-2.00E+00,-1.20E-04,-3.28E+02,12,..........a
20,105,1.19191E+000,-2.00E+00,0.00000E+000,-2.38E+00,-2.00E+00,-1.26E-04,-3.28E+02,12,..........a
21,110,1.19125E+000,-2.00E+00,0.00000E+000,-2.38E+00,-2.00E+00,-1.28E-04,-3.28E+02,12,..........a
22,115,1.19052E+000,-2.00E+00,0.00000E+000,-2.38E+00,-2.00E+00,-1.39E-04,-3.28E+02,12,..........a
23,120,1.18981E+000,-2.00E+00,0.00000E+000,-2.38E+00,-2.00E+00,-1.50E-04,-3.28E+02,12,..........a
24,125,1.18908E+000,-2.00E+00,0.00000E+000,-2.38E+00,-2.00E+00,-1.60E-04,-3.28E+02,12,..........a
25,130,1.18845E+000,-2.00E+00,0.00000E+000,-2.38E+00,-2.00E+00,-1.62E-04,-3.28E+02,12,..........a
26,135,1.18786E+000,-2.00E+00,0.00000E+000,-2.38E+00,-2.00E+00,-1.67E-04,-3.28E+02,12,..........a
27,140,1.18711E+000,-2.00E+00,0.00000E+000,-2.37E+00,-2.00E+00,-1.87E-04,-3.28E+02,12,..........a
28,145,1.18658E+000,-2.00E+00,0.00000E+000,-2.37E+00,-2.00E+00,-1.87E-04,-3.28E+02,12,..........a
29,150,1.18590E+000,-2.00E+00,0.00000E+000,-2.37E+00,-2.00E+00,-1.89E-04,-3.28E+02,12,..........a
30,155,1.18530E+000,-2.00E+00,0.00000E+000,-2.37E+00,-2.00E+00,-1.90E-04,-3.28E+02,12,..........a
31,160,1.18475E+000,-2.00E+00,0.00000E+000,-2.37E+00,-2.00E+00,-1.93E-04,-3.28E+02,12,..........a
32,165,1.18406E+000,-2.00E+00,0.00000E+000,-2.37E+00,-2.00E+00,-1.92E-04,-3.28E+02,12,..........a
33,170,1.18353E+000,-2.00E+00,0.00000E+000,-2.37E+00,-2.00E+00,-1.92E-04,-3.28E+02,12,..........a
34,175,1.18294E+000,-2.00E+00,0.00000E+000,-2.37E+00,-2.00E+00,-1.93E-04,-3.28E+02,12,..........a
35,180,1.18228E+000,-2.00E+00,0.00000E+000,-2.37E+00,-2.00E+00,-1.87E-04,-3.28E+02,12,..........a
36,185,1.18173E+000,-2.00E+00,0.00000E+000,-2.36E+00,-2.00E+00,-1.88E-04,-3.28E+02,12,..........a
37,190,1.18107E+000,-2.00E+00,0.00000E+000,-2.36E+00,-2.00E+00,-1.91E-04,-3.28E+02,12,..........a
38,195,1.18048E+000,-2.00E+00,0.00000E+000,-2.36E+00,-2.00E+00,-1.89E-04,-3.28E+02,12,..........a
39,200,1.17991E+000,-2.00E+00,0.00000E+000,-2.36E+00,-2.00E+00,-1.89E-04,-3.28E+02,12,..........a
40,205,1.17930E+000,-2.00E+00,0.00000E+000,-2.36E+00,-2.00E+00,-1.86E-04,-3.28E+02,12,..........a
41,210,1.17874E+000,-2.00E+00,0.00000E+000,-2.36E+00,-2.00E+00,-1.79E-04,-3.28E+02,12,..........a
42,215,1.17814E+000,-2.00E+00,0.00000E+000,-2.36E+00,-2.00E+00,-1.75E-04,-3.28E+02,12,..........a
43,220,1.17755E+000,-2.00E+00,0.00000E+000,-2.36E+00,-2.00E+00,-1.77E-04,-3.28E+02,12,..........a
44,225,1.17701E+000,-2.00E+00,0.00000E+000,-2.35E+00,-2.00E+00,-1.82E-04,-3.28E+02,12,..........a
45,230,1.17642E+000,-2.00E+00,0.00000E+000,-2.35E+00,-2.00E+00,-1.78E-04,-3.28E+02,12,..........a
46,235,1.17587E+000,-2.00E+00,0.00000E+000,-2.35E+00,-2.00E+00,-1.78E-04,-3.28E+02,12,..........a
47,240,1.17534E+000,-2.00E+00,0.00000E+000,-2.35E+00,-2.00E+00,-1.84E-04,-3.28E+02,12,..........a
48,245,1.17475E+000,-2.00E+00,0.00000E+000,-2.35E+00,-2.00E+00,-1.93E-04,-3.28E+02,12,..........a
49,250,1.17420E+000,-2.00E+00,0.00000E+000,-2.35E+00,-2.00E+00,-1.88E-04,-3.28E+02,12,..........a
50,255,1.17366E+000,-2.00E+00,0.00000E+000,-2.35E+00,-2.00E+00,-1.85E-04,-3.28E+02,12,..........a
51,260,1.17308E+000,-2.00E+00,0.00000E+000,-2.35E+00,-2.00E+00,-1.83E-04,-3.28E+02,12,..........a
52,265,1.17254E+000,-2.00E+00,0.00000E+000,-2.35E+00,-2.00E+00,-1.78E-04,-3.28E+02,12,..........a
53,270,1.17199E+000,-2.00E+00,0.00000E+000,-2.34E+00,-2.00E+00,-1.81E-04,-3.28E+02,12,..........a
54,275,1.17145E+000,-2.00E+00,0.00000E+000,-2.34E+00,-2.00E+00,-1.82E-04,-3.28E+02,12,..........a
55,280,1.17093E+000,-2.00E+00,0.00000E+000,-2.34E+00,-2.00E+00,-1.90E-04,-3.28E+02,12,..........a
56,285,1.17039E+000,-2.00E+00,0.00000E+000,-2.34E+00,-2.00E+00,-1.87E-04,-3.28E+02,12,..........a
57,290,1.16984E+000,-2.00E+00,0.00000E+000,-2.34E+00,-2.00E+00,-1.96E-04,-3.28E+02,12,..........a
58,295,1.16930E+000,-2.00E+00,0.00000E+000,-2.34E+00,-2.00E+00,-2.03E-04,-3.28E+02,12,..........a
59,300,1.16877E+000,-2.00E+00,0.00000E+000,-2.34E+00,-2.00E+00,-2.03E-04,-3.28E+02,12,..........a
60,305,1.16826E+000,-2.00E+00,0.00000E+000,-2.34E+00,-2.00E+00,-2.05E-04,-3.28E+02,12,..........a
61,310,1.16773E+000,-2.00E+00,0.00000E+000,-2.34E+00,-2.00E+00,-2.06E-04,-3.28E+02,12,..........a
62,315,1.16721E+000,-2.00E+00,0.00000E+000,-2.34E+00,-2.00E+00,-2.07E-04,-3.28E+02,12,..........a
63,320,1.16668E+000,-2.00E+00,0.00000E+000,-2.33E+00,-2.00E+00,-1.98E-04,-3.28E+02,12,..........a
64,325,1.16616E+000,-2.00E+00,0.00000E+000,-2.33E+00,-2.00E+00,-2.05E-04,-3.28E+02,12,..........a
65,330,1.16563E+000,-2.00E+00,0.00000E+000,-2.33E+00,-2.00E+00,-2.17E-04,-3.28E+02,12,..........a
66,335,1.16512E+000,-2.00E+00,0.00000E+000,-2.33E+00,-2.00E+00,-2.18E-04,-3.28E+02,12,..........a
67,340,1.16461E+000,-2.00E+00,0.00000E+000,-2.33E+00,-2.00E+00,-2.14E-04,-3.28E+02,12,..........a
68,345,1.16410E+000,-2.00E+00,0.00000E+000,-2.33E+00,-2.00E+00,-2.17E-04,-3.28E+02,12,..........a
69,350,1.16360E+000,-2.00E+00,0.00000E+000,-2.33E+00,-2.00E+00,-2.16E-04,-3.28E+02,12,..........a
70,355,1.16310E+000,-2.00E+00,0.00000E+000,-2.33E+00,-2.00E+00,-2.18E-04,-3.28E+02,12,..........a
71,360,1.16259E+000,-2.00E+00,0.00000E+000,-2.33E+00,-2.00E+00,-2.18E-04,-3.28E+02,12,..........a
72,365,1.16210E+000,-2.00E+00,0.00000E+000,-2.32E+00,-2.00E+00,-2.19E-04,-3.28E+02,12,..........a
73,370,1.16161E+000,-2.00E+00,0.00000E+000,-2.32E+00,-2.00E+00,-2.09E-04,-3.28E+02,12,..........a
74,375,1.16110E+000,-2.00E+00,0.00000E+000,-2.32E+00,-2.00E+00,-2.16E-04,-3.28E+02,12,..........a
75,380,1.16060E+000,-2.00E+00,0.00000E+000,-2.32E+00,-2.00E+00,-2.15E-04,-3.28E+02,12,..........a
76,385,1.16011E+000,-2.00E+00,0.00000E+000,-2.32E+00,-2.00E+00,-2.12E-04,-3.28E+02,12,..........a
77,390,1.15959E+000,-2.00E+00,0.00000E+000,-2.32E+00,-2.00E+00,-2.15E-04,-3.28E+02,12,..........a
78,395,1.15911E+000,-2.00E+00,0.00000E+000,-2.32E+00,-2.00E+00,-2.11E-04,-3.28E+02,12,..........a
79,400,1.15863E+000,-2.00E+00,0.00000E+000,-2.32E+00,-2.00E+00,-2.05E-04,-3.28E+02,12,..........a
80,405,1.15814E+000,-2.00E+00,0.00000E+000,-2.32E+00,-2.00E+00,-2.06E-04,-3.28E+02,12,..........a
81,410,1.15766E+000,-2.00E+00,0.00000E+000,-2.32E+00,-2.00E+00,-2.06E-04,-3.28E+02,12,..........a
82,415,1.15717E+000,-2.00E+00,0.00000E+000,-2.32E+00,-2.00E+00,-2.03E-04,-3.28E+02,12,..........a
83,420,1.15667E+000,-2.00E+00,0.00000E+000,-2.31E+00,-2.00E+00,-2.00E-04,-3.28E+02,12,..........a
84,425,1.15617E+000,-2.00E+00,0.00000E+000,-2.31E+00,-2.00E+00,-1.96E-04,-3.28E+02,12,..........a
85,430,1.15568E+000,-2.00E+00,0.00000E+000,-2.31E+00,-2.00E+00,-1.95E-04,-3.28E+02,12,..........a
86,435,1.15520E+000,-2.00E+00,0.00000E+000,-2.31E+00,-2.00E+00,-1.91E-04,-3.28E+02,12,..........a
87,440,1.15473E+000,-2.00E+00,0.00000E+000,-2.31E+00,-2.00E+00,-1.89E-04,-3.28E+02,12,..........a
88,445,1.15427E+000,-2.00E+00,0.00000E+000,-2.31E+00,-2.00E+00,-1.84E-04,-3.28E+02,12,..........a
89,450,1.15380E+000,-2.00E+00,0.00000E+000,-2.31E+00,-2.00E+00,-1.88E-04,-3.28E+02,12,..........a
90,455,1.15331E+000,-2.00E+00,0.00000E+000,-2.31E+00,-2.00E+00,-1.79E-04,-3.28E+02,12,..........a
91,460,1.15283E+000,-2.00E+00,0.00000E+000,-2.31E+00,-2.00E+00,-1.76E-04,-3.28E+02,12,..........a
92,465,1.15235E+000,-2.00E+00,0.00000E+000,-2.31E+00,-2.00E+00,-1.76E-04,-3.28E+02,12,..........a
93,470,1.15188E+000,-2.00E+00,0.00000E+000,-2.30E+00,-2.00E+00,-1.75E-04,-3.28E+02,12,..........a
94,475,1.15141E+000,-2.00E+00,0.00000E+000,-2.30E+00,-2.00E+00,-1.72E-04,-3.28E+02,12,..........a
95,480,1.15095E+000,-2.00E+00,0.00000E+000,-2.30E+00,-2.00E+00,-1.72E-04,-3.28E+02,12,..........a
96,485,1.15050E+000,-2.00E+00,0.00000E+000,-2.30E+00,-2.00E+00,-1.66E-04,-3.28E+02,12,..........a
97,490,1.15000E+000,-2.00E+00,0.00000E+000,-2.30E+00,-2.00E+00,-1.65E-04,-3.28E+02,12,..........a
98,495,1.14955E+000,-2.00E+00,0.00000E+000,-2.30E+00,-2.00E+00,-1.67E-04,-3.28E+02,12,..........a
99,500,1.14908E+000,-2.00E+00,0.00000E+000,-2.30E+00,-2.00E+00,-1.68E-04,-3.28E+02,12,..........a
100,505,1.14859E+000,-2.00E+00,0.00000E+000,-2.30E+00,-2.00E+00,-1.63E-04,-3.28E+02,12,..........a
101,510,1.14811E+000,-2.00E+00,0.00000E+000,-2.30E+00,-2.00E+00,-1.61E-04,-3.28E+02,12,..........a
102,515,1.14767E+000,-2.00E+00,0.00000E+000,-2.30E+00,-2.00E+00,-1.61E-04,-3.28E+02,12,..........a
103,520,1.14720E+000,-2.00E+00,0.00000E+000,-2.30E+00,-2.00E+00,-1.62E-04,-3.28E+02,12,..........a
104,525,1.14671E+000,-2.00E+00,0.00000E+000,-2.29E+00,-2.00E+00,-1.61E-04,-3.28E+02,12,..........a
105,530,1.14625E+000,-2.00E+00,0.00000E+000,-2.29E+00,-2.00E+00,-1.63E-04,-3.28E+02,12,..........a
106,535,1.14578E+000,-2.00E+00,0.00000E+000,-2.29E+00,-2.00E+00,-1.63E-04,-3.28E+02,12,..........a
107,540,1.14530E+000,-2.00E+00,0.00000E+000,-2.29E+00,-2.00E+00,-1.64E-04,-3.28E+02,12,..........a
108,545,1.14483E+000,-2.00E+00,0.00000E+000,-2.29E+00,-2.00E+00,-1.60E-04,-3.28E+02,12,..........a
109,550,1.14438E+000,-2.00E+00,0.00000E+000,-2.29E+00,-2.00E+00,-1.60E-04,-3.28E+02,12,..........a
110,555,1.14390E+000,-2.00E+00,0.00000E+000,-2.29E+00,-2.00E+00,-1.58E-04,-3.28E+02,12,..........a
111,560,1.14340E+000,-2.00E+00,0.00000E+000,-2.29E+00,-2.00E+00,-1.59E-04,-3.28E+02,12,..........a
112,565,1.14296E+000,-2.00E+00,0.00000E+000,-2.29E+00,-2.00E+00,-1.59E-04,-3.28E+02,12,..........a
113,570,1.14249E+000,-2.00E+00,0.00000E+000,-2.29E+00,-2.00E+00,-1.63E-04,-3.28E+02,12,..........a
114,575,1.14201E+000,-2.00E+00,0.00000E+000,-2.28E+00,-2.00E+00,-1.61E-04,-3.28E+02,12,..........a
115,580,1.14154E+000,-2.00E+00,0.00000E+000,-2.28E+00,-2.00E+00,-1.60E-04,-3.28E+02,12,..........a
116,585,1.14107E+000,-2.00E+00,0.00000E+000,-2.28E+00,-2.00E+00,-1.58E-04,-3.28E+02,12,..........a
117,590,1.14060E+000,-2.00E+00,0.00000E+000,-2.28E+00,-2.00E+00,-1.60E-04,-3.28E+02,12,..........a
118,595,1.14012E+000,-2.00E+00,0.00000E+000,-2.28E+00,-2.00E+00,-1.58E-04,-3.28E+02,12,..........a
119,600,1.13967E+000,-2.00E+00,0.00000E+000,-2.28E+00,-2.00E+00,-1.56E-04,-3.28E+02,12,..........a
120,605,1.13921E+000,-2.00E+00,0.00000E+000,-2.28E+00,-2.00E+00,-1.54E-04,-3.28E+02,12,..........a
121,610,1.13872E+000,-2.00E+00,0.00000E+000,-2.28E+00,-2.00E+00,-1.55E-04,-3.28E+02,12,..........a
122,615,1.13826E+000,-2.00E+00,0.00000E+000,-2.28E+00,-2.00E+00,-1.53E-04,-3.28E+02,12,..........a
123,620,1.13779E+000,-2.00E+00,0.00000E+000,-2.28E+00,-2.00E+00,-1.54E-04,-3.28E+02,12,..........a
124,625,1.13721E+000,-2.00E+00,0.00000E+000,-2.28E+00,-2.00E+00,-1.56E-04,-3.28E+02,12,..........a
125,630,1.13680E+000,-2.00E+00,0.00000E+000,-2.27E+00,-2.00E+00,-1.54E-04,-3.28E+02,12,..........a
126,635,1.13637E+000,-2.00E+00,0.00000E+000,-2.27E+00,-2.00E+00,-1.51E-04,-3.28E+02,12,..........a
127,640,1.13580E+000,-2.00E+00,0.00000E+000,-2.27E+00,-2.00E+00,-1.51E-04,-3.28E+02,12,..........a
128,645,1.13534E+000,-2.00E+00,0.00000E+000,-2.27E+00,-2.00E+00,-1.49E-04,-3.28E+02,12,..........a
129,650,1.13495E+000,-2.00E+00,0.00000E+000,-2.27E+00,-2.00E+00,-1.50E-04,-3.28E+02,12,..........a
130,655,1.13444E+000,-2.00E+00,0.00000E+000,-2.27E+00,-2.00E+00,-1.51E-04,-3.28E+02,12,..........a
131,660,1.13387E+000,-2.00E+00,0.00000E+000,-2.27E+00,-2.00E+00,-1.54E-04,-3.28E+02,12,..........a
132,665,1.13348E+000,-2.00E+00,0.00000E+000,-2.27E+00,-2.00E+00,-1.56E-04,-3.28E+02,12,..........a
133,670,1.13301E+000,-2.00E+00,0.00000E+000,-2.27E+00,-2.00E+00,-1.56E-04,-3.28E+02,12,..........a
134,675,1.13246E+000,-2.00E+00,0.00000E+000,-2.27E+00,-2.00E+00,-1.55E-04,-3.28E+02,12,..........a
135,680,1.13203E+000,-2.00E+00,0.00000E+000,-2.26E+00,-2.00E+00,-1.55E-04,-3.28E+02,12,..........a
136,685,1.13159E+000,-2.00E+00,0.00000E+000,-2.26E+00,-2.00E+00,-1.53E-04,-3.28E+02,12,..........a
137,690,1.13106E+000,-2.00E+00,0.00000E+000,-2.26E+00,-2.00E+00,-1.56E-04,-3.28E+02,12,..........a
138,695,1.13056E+000,-2.00E+00,0.00000E+000,-2.26E+00,-2.00E+00,-1.53E-04,-3.28E+02,12,..........a
139,700,1.13014E+000,-2.00E+00,0.00000E+000,-2.26E+00,-2.00E+00,-1.55E-04,-3.28E+02,12,..........a
140,705,1.12966E+000,-2.00E+00,0.00000E+000,-2.26E+00,-2.00E+00,-1.53E-04,-3.28E+02,12,..........a
141,710,1.12912E+000,-2.00E+00,0.00000E+000,-2.26E+00,-2.00E+00,-1.53E-04,-3.28E+02,12,..........a
142,715,1.12867E+000,-2.00E+00,0.00000E+000,-2.26E+00,-2.00E+00,-1.52E-04,-3.28E+02,12,..........a
143,720,1.12819E+000,-2.00E+00,0.00000E+000,-2.26E+00,-2.00E+00,-1.51E-04,-3.28E+02,12,..........a
144,725,1.12766E+000,-2.00E+00,0.00000E+000,-2.26E+00,-2.00E+00,-1.54E-04,-3.28E+02,12,..........a
145,730,1.12719E+000,-2.00E+00,0.00000E+000,-2.26E+00,-2.00E+00,-1.57E-04,-3.28E+02,12,..........a
146,735,1.12672E+000,-2.00E+00,0.00000E+000,-2.25E+00,-2.00E+00,-1.59E-04,-3.28E+02,12,..........a
147,740,1.12618E+000,-2.00E+00,0.00000E+000,-2.25E+00,-2.00E+00,-1.53E-04,-3.28E+02,12,..........a
148,745,1.12568E+000,-2.00E+00,0.00000E+000,-2.25E+00,-2.00E+00,-1.52E-04,-3.28E+02,12,..........a
149,750,1.12525E+000,-2.00E+00,0.00000E+000,-2.25E+00,-2.00E+00,-1.48E-04,-3.28E+02,12,..........a
150,755,1.12475E+000,-2.00E+00,0.00000E+000,-2.25E+00,-2.00E+00,-1.48E-04,-3.28E+02,12,..........a
151,760,1.12423E+000,-2.00E+00,0.00000E+000,-2.25E+00,-2.00E+00,-1.49E-04,-3.28E+02,12,..........a
152,765,1.12376E+000,-2.00E+00,0.00000E+000,-2.25E+00,-2.00E+00,-1.52E-04,-3.28E+02,12,..........a
153,770,1.12325E+000,-2.00E+00,0.00000E+000,-2.25E+00,-2.00E+00,-1.51E-04,-3.28E+02,12,..........a
154,775,1.12271E+000,-2.00E+00,0.00000E+000,-2.25E+00,-2.00E+00,-1.49E-04,-3.28E+02,12,..........a
155,780,1.12224E+000,-2.00E+00,0.00000E+000,-2.25E+00,-2.00E+00,-1.47E-04,-3.28E+02,12,..........a
156,785,1.12175E+000,-2.00E+00,0.00000E+000,-2.24E+00,-2.00E+00,-1.47E-04,-3.28E+02,12,..........a
157,790,1.12120E+000,-2.00E+00,0.00000E+000,-2.24E+00,-2.00E+00,-1.47E-04,-3.28E+02,12,..........a
158,795,1.12070E+000,-2.00E+00,0.00000E+000,-2.24E+00,-2.00E+00,-1.49E-04,-3.28E+02,12,..........a
159,800,1.12021E+000,-2.00E+00,0.00000E+000,-2.24E+00,-2.00E+00,-1.51E-04,-3.28E+02,12,..........a
160,805,1.11968E+000,-2.00E+00,0.00000E+000,-2.24E+00,-2.00E+00,-1.51E-04,-3.28E+02,12,..........a
161,810,1.11917E+000,-2.00E+00,0.00000E+000,-2.24E+00,-2.00E+00,-1.50E-04,-3.28E+02,12,..........a
162,815,1.11867E+000,-2.00E+00,0.00000E+000,-2.24E+00,-2.00E+00,-1.47E-04,-3.28E+02,12,..........a
163,820,1.11814E+000,-2.00E+00,0.00000E+000,-2.24E+00,-2.00E+00,-1.48E-04,-3.28E+02,12,..........a
164,825,1.11762E+000,-2.00E+00,0.00000E+000,-2.24E+00,-2.00E+00,-1.52E-04,-3.28E+02,12,..........a
165,830,1.11711E+000,-2.00E+00,0.00000E+000,-2.23E+00,-2.00E+00,-1.51E-04,-3.28E+02,12,..........a
166,835,1.11658E+000,-2.00E+00,0.00000E+000,-2.23E+00,-2.00E+00,-1.52E-04,-3.28E+02,12,..........a
167,840,1.11607E+000,-2.00E+00,0.00000E+000,-2.23E+00,-2.00E+00,-1.51E-04,-3.28E+02,12,..........a
168,845,1.11555E+000,-2.00E+00,0.00000E+000,-2.23E+00,-2.00E+00,-1.55E-04,-3.28E+02,12,..........a
169,850,1.11502E+000,-2.00E+00,0.00000E+000,-2.23E+00,-2.00E+00,-1.55E-04,-3.28E+02,12,..........a
170,855,1.11448E+000,-2.00E+00,0.00000E+000,-2.23E+00,-2.00E+00,-1.50E-04,-3.28E+02,12,..........a
171,860,1.11396E+000,-2.00E+00,0.00000E+000,-2.23E+00,-2.00E+00,-1.50E-04,-3.28E+02,12,..........a
172,865,1.11345E+000,-2.00E+00,0.00000E+000,-2.23E+00,-2.00E+00,-1.51E-04,-3.28E+02,12,..........a
173,870,1.11292E+000,-2.00E+00,0.00000E+000,-2.23E+00,-2.00E+00,-1.51E-04,-3.28E+02,12,..........a
174,875,1.11237E+000,-2.00E+00,0.00000E+000,-2.23E+00,-2.00E+00,-1.54E-04,-3.28E+02,12,..........a
175,880,1.11170E+000,-2.00E+00,0.00000E+000,-2.22E+00,-2.00E+00,-1.50E-04,-3.28E+02,12,..........a
176,885,1.11123E+000,-2.00E+00,0.00000E+000,-2.22E+00,-2.00E+00,-1.48E-04,-3.28E+02,12,..........a
177,890,1.11077E+000,-2.00E+00,0.00000E+000,-2.22E+00,-2.00E+00,-1.49E-04,-3.28E+02,12,..........a
178,895,1.11014E+000,-2.00E+00,0.00000E+000,-2.22E+00,-2.00E+00,-1.44E-04,-3.28E+02,12,..........a
179,900,1.10964E+000,-2.00E+00,0.00000E+000,-2.22E+00,-2.00E+00,-1.44E-04,-3.28E+02,12,..........a
180,905,1.10916E+000,-2.00E+00,0.00000E+000,-2.22E+00,-2.00E+00,-1.44E-04,-3.28E+02,12,..........a
181,910,1.10853E+000,-2.00E+00,0.00000E+000,-2.22E+00,-2.00E+00,-1.42E-04,-3.28E+02,12,..........a
182,915,1.10801E+000,-2.00E+00,0.00000E+000,-2.22E+00,-2.00E+00,-1.42E-04,-3.28E+02,12,..........a
183,920,1.10752E+000,-2.00E+00,0.00000E+000,-2.22E+00,-2.00E+00,-1.41E-04,-3.28E+02,12,..........a
184,925,1.10689E+000,-2.00E+00,0.00000E+000,-2.21E+00,-2.00E+00,-1.43E-04,-3.28E+02,12,..........a
185,930,1.10638E+000,-2.00E+00,0.00000E+000,-2.21E+00,-2.00E+00,-1.44E-04,-3.28E+02,12,..........a
186,935,1.10585E+000,-2.00E+00,0.00000E+000,-2.21E+00,-2.00E+00,-1.44E-04,-3.28E+02,12,..........a
187,940,1.10521E+000,-2.00E+00,0.00000E+000,-2.21E+00,-2.00E+00,-1.42E-04,-3.28E+02,12,..........a
188,945,1.10470E+000,-2.00E+00,0.00000E+000,-2.21E+00,-2.00E+00,-1.40E-04,-3.28E+02,12,..........a
189,950,1.10417E+000,-2.00E+00,0.00000E+000,-2.21E+00,-2.00E+00,-1.40E-04,-3.28E+02,12,..........a
190,955,1.10356E+000,-2.00E+00,0.00000E+000,-2.21E+00,-2.00E+00,-1.41E-04,-3.28E+02,12,..........a
191,960,1.10304E+000,-2.00E+00,0.00000E+000,-2.21E+00,-2.00E+00,-1.44E-04,-3.28E+02,12,..........a
192,965,1.10248E+000,-2.00E+00,0.00000E+000,-2.21E+00,-2.00E+00,-1.42E-04,-3.28E+02,12,..........a
193,970,1.10186E+000,-2.00E+00,0.00000E+000,-2.20E+00,-2.00E+00,-1.38E-04,-3.28E+02,12,..........a
194,975,1.10136E+000,-2.00E+00,0.00000E+000,-2.20E+00,-2.00E+00,-1.41E-04,-3.28E+02,12,..........a
195,980,1.10079E+000,-2.00E+00,0.00000E+000,-2.20E+00,-2.00E+00,-1.42E-04,-3.28E+02,12,..........a
196,985,1.10018E+000,-2.00E+00,0.00000E+000,-2.20E+00,-2.00E+00,-1.35E-04,-3.28E+02,12,..........a
197,990,1.09965E+000,-2.00E+00,0.00000E+000,-2.20E+00,-2.00E+00,-1.35E-04,-3.28E+02,12,..........a
198,995,1.09908E+000,-2.00E+00,0.00000E+000,-2.20E+00,-2.00E+00,-1.39E-04,-3.28E+02,12,..........a
199,1000,1.09851E+000,-2.00E+00,0.00000E+000,-2.20E+00,-2.00E+00,-1.39E-04,-3.28E+02,12,..........a
200,1005,1.09796E+000,-2.00E+00,0.00000E+000,-2.20E+00,-2.00E+00,-1.37E-04,-3.28E+02,12,..........a
201,1010,1.09736E+000,-2.00E+00,0.00000E+000,-2.20E+00,-2.00E+00,-1.40E-04,-3.28E+02,12,..........a
202,1015,1.09677E+000,-2.00E+00,0.00000E+000,-2.19E+00,-2.00E+00,-1.39E-04,-3.28E+02,12,..........a
203,1020,1.09618E+000,-2.00E+00,0.00000E+000,-2.19E+00,-2.00E+00,-1.38E-04,-3.28E+02,12,..........a
204,1025,1.09557E+000,-2.00E+00,0.00000E+000,-2.19E+00,-2.00E+00,-1.35E-04,-3.28E+02,12,..........a
205,1030,1.09500E+000,-2.00E+00,0.00000E+000,-2.19E+00,-2.00E+00,-1.36E-04,-3.28E+02,12,..........a
206,1035,1.09440E+000,-2.00E+00,0.00000E+000,-2.19E+00,-2.00E+00,-1.34E-04,-3.28E+02,12,..........a
207,1040,1.09377E+000,-2.00E+00,0.00000E+000,-2.19E+00,-2.00E+00,-1.29E-04,-3.28E+02,12,..........a
208,1045,1.09317E+000,-2.00E+00,0.00000E+000,-2.19E+00,-2.00E+00,-1.34E-04,-3.28E+02,12,..........a
209,1050,1.09256E+000,-2.00E+00,0.00000E+000,-2.19E+00,-2.00E+00,-1.33E-04,-3.28E+02,12,..........a
210,1055,1.09196E+000,-2.00E+00,0.00000E+000,-2.18E+00,-2.00E+00,-1.30E-04,-3.28E+02,12,..........a
211,1060,1.09135E+000,-2.00E+00,0.00000E+000,-2.18E+00,-2.00E+00,-1.29E-04,-3.28E+02,12,..........a
212,1065,1.09072E+000,-2.00E+00,0.00000E+000,-2.18E+00,-2.00E+00,-1.26E-04,-3.28E+02,12,..........a
213,1070,1.09010E+000,-2.00E+00,0.00000E+000,-2.18E+00,-2.00E+00,-1.27E-04,-3.28E+02,12,..........a
214,1075,1.08946E+000,-2.00E+00,0.00000E+000,-2.18E+00,-2.00E+00,-1.23E-04,-3.28E+02,12,..........a
215,1080,1.08884E+000,-2.00E+00,0.00000E+000,-2.18E+00,-2.00E+00,-1.29E-04,-3.28E+02,12,..........a
216,1085,1.08821E+000,-2.00E+00,0.00000E+000,-2.18E+00,-2.00E+00,-1.31E-04,-3.28E+02,12,..........a
217,1090,1.08758E+000,-2.00E+00,0.00000E+000,-2.18E+00,-2.00E+00,-1.28E-04,-3.28E+02,12,..........a
218,1095,1.08693E+000,-2.00E+00,0.00000E+000,-2.17E+00,-2.00E+00,-1.34E-04,-3.28E+02,12,..........a
219,1100,1.08622E+000,-2.00E+00,0.00000E+000,-2.17E+00,-2.00E+00,-1.31E-04,-3.28E+02,12,..........a
220,1105,1.08562E+000,-2.00E+00,0.00000E+000,-2.17E+00,-2.00E+00,-1.29E-04,-3.28E+02,12,..........a
221,1110,1.08501E+000,-2.00E+00,0.00000E+000,-2.17E+00,-2.00E+00,-1.31E-04,-3.28E+02,12,..........a
222,1115,1.08431E+000,-2.00E+00,0.00000E+000,-2.17E+00,-2.00E+00,-1.27E-04,-3.28E+02,12,..........a
223,1120,1.08371E+000,-2.00E+00,0.00000E+000,-2.17E+00,-2.00E+00,-1.31E-04,-3.28E+02,12,..........a
224,1125,1.08302E+000,-2.00E+00,0.00000E+000,-2.17E+00,-2.00E+00,-1.36E-04,-3.28E+02,12,..........a
225,1130,1.08236E+000,-2.00E+00,0.00000E+000,-2.17E+00,-2.00E+00,-1.31E-04,-3.28E+02,12,..........a
226,1135,1.08170E+000,-2.00E+00,0.00000E+000,-2.16E+00,-2.00E+00,-1.28E-04,-3.28E+02,12,..........a
227,1140,1.08100E+000,-2.00E+00,0.00000E+000,-2.16E+00,-2.00E+00,-1.29E-04,-3.28E+02,12,..........a
228,1145,1.08036E+000,-2.00E+00,0.00000E+000,-2.16E+00,-2.00E+00,-1.34E-04,-3.28E+02,12,..........a
229,1150,1.07964E+000,-2.00E+00,0.00000E+000,-2.16E+00,-2.00E+00,-1.36E-04,-3.28E+02,12,..........a
230,1155,1.07898E+000,-2.00E+00,0.00000E+000,-2.16E+00,-2.00E+00,-1.32E-04,-3.28E+02,12,..........a
231,1160,1.07830E+000,-2.00E+00,0.00000E+000,-2.16E+00,-2.00E+00,-1.30E-04,-3.28E+02,12,..........a
232,1165,1.07762E+000,-2.00E+00,0.00000E+000,-2.16E+00,-2.00E+00,-1.23E-04,-3.28E+02,12,..........a
233,1170,1.07694E+000,-2.00E+00,0.00000E+000,-2.15E+00,-2.00E+00,-1.27E-04,-3.28E+02,12,..........a
234,1175,1.07621E+000,-2.00E+00,0.00000E+000,-2.15E+00,-2.00E+00,-1.30E-04,-3.28E+02,12,..........a
235,1180,1.07553E+000,-2.00E+00,0.00000E+000,-2.15E+00,-2.00E+00,-1.21E-04,-3.28E+02,12,..........a
236,1185,1.07480E+000,-2.00E+00,0.00000E+000,-2.15E+00,-2.00E+00,-1.25E-04,-3.28E+02,12,..........a
237,1190,1.07413E+000,-2.00E+00,0.00000E+000,-2.15E+00,-2.00E+00,-1.24E-04,-3.28E+02,12,..........a
238,1195,1.07344E+000,-2.00E+00,0.00000E+000,-2.15E+00,-2.00E+00,-1.23E-04,-3.28E+02,12,..........a
239,1200,1.07270E+000,-2.00E+00,0.00000E+000,-2.15E+00,-2.00E+00,-1.31E-04,-3.28E+02,12,..........a
240,1205,1.07197E+000,-2.00E+00,0.00000E+000,-2.14E+00,-2.00E+00,-1.30E-04,-3.28E+02,12,..........a
241,1210,1.07123E+000,-2.00E+00,0.00000E+000,-2.14E+00,-2.00E+00,-1.29E-04,-3.28E+02,12,..........a
242,1215,1.07050E+000,-2.00E+00,0.00000E+000,-2.14E+00,-2.00E+00,-1.28E-04,-3.28E+02,12,..........a
243,1220,1.06976E+000,-2.00E+00,0.00000E+000,-2.14E+00,-2.00E+00,-1.31E-04,-3.28E+02,12,..........a
244,1225,1.06901E+000,-2.00E+00,0.00000E+000,-2.14E+00,-2.00E+00,-1.30E-04,-3.28E+02,12,..........a
245,1230,1.06825E+000,-2.00E+00,0.00000E+000,-2.14E+00,-2.00E+00,-1.32E-04,-3.28E+02,12,..........a
246,1235,1.06748E+000,-2.00E+00,0.00000E+000,-2.14E+00,-2.00E+00,-1.33E-04,-3.28E+02,12,..........a
247,1240,1.06671E+000,-2.00E+00,0.00000E+000,-2.13E+00,-2.00E+00,-1.36E-04,-3.28E+02,12,..........a
248,1245,1.06596E+000,-2.00E+00,0.00000E+000,-2.13E+00,-2.00E+00,-1.35E-04,-3.28E+02,12,..........a
249,1250,1.06520E+000,-2.00E+00,0.00000E+000,-2.13E+00,-2.00E+00,-1.26E-04,-3.28E+02,12,..........a
250,1255,1.06442E+000,-2.00E+00,0.00000E+000,-2.13E+00,-2.00E+00,-1.29E-04,-3.28E+02,12,..........a
251,1260,1.06362E+000,-2.00E+00,0.00000E+000,-2.13E+00,-2.00E+00,-1.31E-04,-3.28E+02,12,..........a
252,1265,1.06283E+000,-2.00E+00,0.00000E+000,-2.13E+00,-2.00E+00,-1.29E-04,-3.28E+02,12,..........a
253,1270,1.06202E+000,-2.00E+00,0.00000E+000,-2.12E+00,-2.00E+00,-1.31E-04,-3.28E+02,12,..........a
254,1275,1.06122E+000,-2.00E+00,0.00000E+000,-2.12E+00,-2.00E+00,-1.31E-04,-3.28E+02,12,..........a
255,1280,1.06037E+000,-2.00E+00,0.00000E+000,-2.12E+00,-2.00E+00,-1.37E-04,-3.28E+02,12,..........a
256,1285,1.05960E+000,-2.00E+00,0.00000E+000,-2.12E+00,-2.00E+00,-1.38E-04,-3.28E+02,12,..........a
257,1290,1.05873E+000,-2.00E+00,0.00000E+000,-2.12E+00,-2.00E+00,-1.37E-04,-3.28E+02,12,..........a
258,1295,1.05794E+000,-2.00E+00,0.00000E+000,-2.12E+00,-2.00E+00,-1.38E-04,-3.28E+02,12,..........a
259,1300,1.05709E+000,-2.00E+00,0.00000E+000,-2.11E+00,-2.00E+00,-1.37E-04,-3.28E+02,12,..........a
260,1305,1.05626E+000,-2.00E+00,0.00000E+000,-2.11E+00,-2.00E+00,-1.36E-04,-3.28E+02,12,..........a
261,1310,1.05539E+000,-2.00E+00,0.00000E+000,-2.11E+00,-2.00E+00,-1.40E-04,-3.28E+02,12,..........a
262,1315,1.05455E+000,-2.00E+00,0.00000E+000,-2.11E+00,-2.00E+00,-1.36E-04,-3.28E+02,12,..........a
263,1320,1.05368E+000,-2.00E+00,0.00000E+000,-2.11E+00,-2.00E+00,-1.35E-04,-3.28E+02,12,..........a
264,1325,1.05281E+000,-2.00E+00,0.00000E+000,-2.11E+00,-2.00E+00,-1.38E-04,-3.28E+02,12,..........a
265,1330,1.05191E+000,-2.00E+00,0.00000E+000,-2.10E+00,-2.00E+00,-1.35E-04,-3.28E+02,12,..........a
266,1335,1.05100E+000,-2.00E+00,0.00000E+000,-2.10E+00,-2.00E+00,-1.34E-04,-3.28E+02,12,..........a
267,1340,1.05009E+000,-2.00E+00,0.00000E+000,-2.10E+00,-2.00E+00,-1.30E-04,-3.28E+02,12,..........a
268,1345,1.04916E+000,-2.00E+00,0.00000E+000,-2.10E+00,-2.00E+00,-1.39E-04,-3.28E+02,12,..........a
269,1350,1.04828E+000,-2.00E+00,0.00000E+000,-2.10E+00,-2.00E+00,-1.41E-04,-3.28E+02,12,..........a
270,1355,1.04740E+000,-2.00E+00,0.00000E+000,-2.10E+00,-2.00E+00,-1.42E-04,-3.28E+02,12,..........a
271,1360,1.04647E+000,-2.00E+00,0.00000E+000,-2.09E+00,-2.00E+00,-1.43E-04,-3.28E+02,12,..........a
272,1365,1.04553E+000,-2.00E+00,0.00000E+000,-2.09E+00,-2.00E+00,-1.49E-04,-3.28E+02,12,..........a
273,1370,1.04457E+000,-2.00E+00,0.00000E+000,-2.09E+00,-2.00E+00,-1.41E-04,-3.28E+02,12,..........a
274,1375,1.04360E+000,-2.00E+00,0.00000E+000,-2.09E+00,-2.00E+00,-1.41E-04,-3.28E+02,12,..........a
275,1380,1.04264E+000,-2.00E+00,0.00000E+000,-2.09E+00,-2.00E+00,-1.45E-04,-3.28E+02,12,..........a
276,1385,1.04164E+000,-2.00E+00,0.00000E+000,-2.08E+00,-2.00E+00,-1.38E-04,-3.28E+02,12,..........a
277,1390,1.04063E+000,-2.00E+00,0.00000E+000,-2.08E+00,-2.00E+00,-1.41E-04,-3.28E+02,12,..........a
278,1395,1.03960E+000,-2.00E+00,0.00000E+000,-2.08E+00,-2.00E+00,-1.43E-04,-3.28E+02,12,..........a
279,1400,1.03859E+000,-2.00E+00,0.00000E+000,-2.08E+00,-2.00E+00,-1.46E-04,-3.28E+02,12,..........a
280,1405,1.03756E+000,-2.00E+00,0.00000E+000,-2.08E+00,-2.00E+00,-1.46E-04,-3.28E+02,12,..........a
281,1410,1.03652E+000,-2.00E+00,0.00000E+000,-2.07E+00,-2.00E+00,-1.44E-04,-3.28E+02,12,..........a
282,1415,1.03548E+000,-2.00E+00,0.00000E+000,-2.07E+00,-2.00E+00,-1.42E-04,-3.28E+02,12,..........a
283,1420,1.03442E+000,-2.00E+00,0.00000E+000,-2.07E+00,-2.00E+00,-1.40E-04,-3.28E+02,12,..........a
284,1425,1.03335E+000,-2.00E+00,0.00000E+000,-2.07E+00,-2.00E+00,-1.38E-04,-3.28E+02,12,..........a
285,1430,1.03227E+000,-2.00E+00,0.00000E+000,-2.07E+00,-2.00E+00,-1.40E-04,-3.28E+02,12,..........a
286,1435,1.03118E+000,-2.00E+00,0.00000E+000,-2.06E+00,-2.00E+00,-1.38E-04,-3.28E+02,12,..........a
287,1440,1.03005E+000,-2.00E+00,0.00000E+000,-2.06E+00,-2.00E+00,-1.42E-04,-3.28E+02,12,..........a
288,1445,1.02890E+000,-2.00E+00,0.00000E+000,-2.06E+00,-2.00E+00,-1.44E-04,-3.28E+02,12,..........a
289,1450,1.02773E+000,-2.00E+00,0.00000E+000,-2.06E+00,-2.00E+00,-1.43E-04,-3.28E+02,12,..........a
290,1455,1.02657E+000,-2.00E+00,0.00000E+000,-2.05E+00,-2.00E+00,-1.48E-04,-3.28E+02,12,..........a
291,1460,1.02541E+000,-2.00E+00,0.00000E+000,-2.05E+00,-2.00E+00,-1.49E-04,-3.28E+02,12,..........a
292,1465,1.02424E+000,-2.00E+00,0.00000E+000,-2.05E+00,-2.00E+00,-1.49E-04,-3.28E+02,12,..........a
293,1470,1.02304E+000,-2.00E+00,0.00000E+000,-2.05E+00,-2.00E+00,-1.49E-04,-3.28E+02,12,..........a
294,1475,1.02181E+000,-2.00E+00,0.00000E+000,-2.04E+00,-2.00E+00,-1.46E-04,-3.28E+02,12,..........a
295,1480,1.02058E+000,-2.00E+00,0.00000E+000,-2.04E+00,-2.00E+00,-1.45E-04,-3.28E+02,12,..........a
296,1485,1.01934E+000,-2.00E+00,0.00000E+000,-2.04E+00,-2.00E+00,-1.47E-04,-3.28E+02,12,..........a
297,1490,1.01809E+000,-2.00E+00,0.00000E+000,-2.04E+00,-2.00E+00,-1.42E-04,-3.28E+02,12,..........a
298,1495,1.01684E+000,-2.00E+00,0.00000E+000,-2.03E+00,-2.00E+00,-1.37E-04,-3.28E+02,12,..........a
299,1500,1.01554E+000,-2.00E+00,0.00000E+000,-2.03E+00,-2.00E+00,-1.47E-04,-3.28E+02,12,..........a
300,1505,1.01422E+000,-2.00E+00,0.00000E+000,-2.03E+00,-2.00E+00,-1.46E-04,-3.28E+02,12,..........a
301,1510,1.01288E+000,-2.00E+00,0.00000E+000,-2.03E+00,-2.00E+00,-1.44E-04,-3.28E+02,12,..........a
302,1515,1.01155E+000,-2.00E+00,0.00000E+000,-2.02E+00,-2.00E+00,-1.46E-04,-3.28E+02,12,..........a
303,1520,1.01020E+000,-2.00E+00,0.00000E+000,-2.02E+00,-2.00E+00,-1.44E-04,-3.28E+02,12,..........a
304,1525,1.00882E+000,-2.00E+00,0.00000E+000,-2.02E+00,-2.00E+00,-1.46E-04,-3.28E+02,12,..........a
305,1530,1.00742E+000,-2.00E+00,0.00000E+000,-2.02E+00,-2.00E+00,-1.48E-04,-3.28E+02,12,..........a
306,1535,1.00602E+000,-2.00E+00,0.00000E+000,-2.01E+00,-2.00E+00,-1.54E-04,-3.28E+02,12,..........a
307,1540,1.00461E+000,-2.00E+00,0.00000E+000,-2.01E+00,-2.00E+00,-1.59E-04,-3.28E+02,12,..........a
308,1545,1.00316E+000,-2.00E+00,0.00000E+000,-2.01E+00,-2.00E+00,-1.58E-04,-3.28E+02,12,..........a
309,1550,1.00170E+000,-2.00E+00,0.00000E+000,-2.00E+00,-2.00E+00,-1.51E-04,-3.28E+02,12,..........a
310,1555,1.00020E+000,-2.00E+00,0.00000E+000,-2.00E+00,-2.00E+00,-1.45E-04,-3.28E+02,12,..........a
311,1560,9.98687E-001,-2.00E+00,0.00000E+000,-2.00E+00,-2.00E+00,-1.46E-04,-3.28E+02,12,..........a
312,1565,9.97184E-001,-2.00E+00,0.00000E+000,-1.99E+00,-2.00E+00,-1.50E-04,-3.28E+02,12,..........a
313,1570,9.95677E-001,-2.00E+00,0.00000E+000,-1.99E+00,-2.00E+00,-1.47E-04,-3.28E+02,12,..........a
314,1575,9.94105E-001,-2.00E+00,0.00000E+000,-1.99E+00,-2.00E+00,-1.48E-04,-3.28E+02,12,..........a
315,1580,9.92492E-001,-2.00E+00,0.00000E+000,-1.99E+00,-2.00E+00,-1.53E-04,-3.28E+02,12,..........a
316,1585,9.90878E-001,-2.00E+00,0.00000E+000,-1.98E+00,-2.00E+00,-1.60E-04,-3.28E+02,12,..........a
317,1590,9.89224E-001,-2.00E+00,0.00000E+000,-1.98E+00,-2.00E+00,-1.57E-04,-3.28E+02,12,..........a
318,1595,9.87596E-001,-2.00E+00,0.00000E+000,-1.98E+00,-2.00E+00,-1.53E-04,-3.28E+02,12,..........a
319,1600,9.85945E-001,-2.00E+00,0.00000E+000,-1.97E+00,-2.00E+00,-1.49E-04,-3.28E+02,12,..........a
320,1605,9.84267E-001,-2.00E+00,0.00000E+000,-1.97E+00,-2.00E+00,-1.52E-04,-3.28E+02,12,..........a
321,1610,9.82561E-001,-2.00E+00,0.00000E+000,-1.97E+00,-2.00E+00,-1.52E-04,-3.28E+02,12,..........a
322,1615,9.80808E-001,-2.00E+00,0.00000E+000,-1.96E+00,-2.00E+00,-1.49E-04,-3.28E+02,12,..........a
323,1620,9.79061E-001,-2.00E+00,0.00000E+000,-1.96E+00,-2.00E+00,-1.53E-04,-3.28E+02,12,..........a
324,1625,9.77314E-001,-2.00E+00,0.00000E+000,-1.96E+00,-2.00E+00,-1.55E-04,-3.28E+02,12,..........a
325,1630,9.75549E-001,-2.00E+00,0.00000E+000,-1.95E+00,-2.00E+00,-1.55E-04,-3.28E+02,12,..........a
326,1635,9.73722E-001,-2.00E+00,0.00000E+000,-1.95E+00,-2.00E+00,-1.53E-04,-3.28E+02,12,..........a
327,1640,9.71881E-001,-2.00E+00,0.00000E+000,-1.94E+00,-2.00E+00,-1.51E-04,-3.28E+02,12,..........a
328,1645,9.70034E-001,-2.00E+00,0.00000E+000,-1.94E+00,-2.00E+00,-1.49E-04,-3.28E+02,12,..........a
329,1650,9.68158E-001,-2.00E+00,0.00000E+000,-1.94E+00,-2.00E+00,-1.51E-04,-3.28E+02,12,..........a
330,1655,9.66284E-001,-2.00E+00,0.00000E+000,-1.93E+00,-2.00E+00,-1.50E-04,-3.28E+02,12,..........a
331,1660,9.64334E-001,-2.00E+00,0.00000E+000,-1.93E+00,-2.00E+00,-1.52E-04,-3.28E+02,12,..........a
332,1665,9.62342E-001,-2.00E+00,0.00000E+000,-1.93E+00,-2.00E+00,-1.49E-04,-3.28E+02,12,..........a
333,1670,9.60293E-001,-2.00E+00,0.00000E+000,-1.92E+00,-2.00E+00,-1.50E-04,-3.28E+02,12,..........a
334,1675,9.58259E-001,-2.00E+00,0.00000E+000,-1.92E+00,-2.00E+00,-1.55E-04,-3.28E+02,12,..........a
335,1680,9.56162E-001,-2.00E+00,0.00000E+000,-1.91E+00,-2.00E+00,-1.56E-04,-3.28E+02,12,..........a
336,1685,9.53995E-001,-2.00E+00,0.00000E+000,-1.91E+00,-2.00E+00,-1.52E-04,-3.28E+02,12,..........a
337,1690,9.51762E-001,-2.00E+00,0.00000E+000,-1.90E+00,-2.00E+00,-1.58E-04,-3.28E+02,12,..........a
338,1695,9.49476E-001,-2.00E+00,0.00000E+000,-1.90E+00,-2.00E+00,-1.53E-04,-3.28E+02,12,..........a
339,1700,9.47184E-001,-2.00E+00,0.00000E+000,-1.89E+00,-2.00E+00,-1.59E-04,-3.28E+02,12,..........a
340,1705,9.44881E-001,-2.00E+00,0.00000E+000,-1.89E+00,-2.00E+00,-1.61E-04,-3.28E+02,12,..........a
341,1710,9.42528E-001,-2.00E+00,0.00000E+000,-1.89E+00,-2.00E+00,-1.64E-04,-3.28E+02,12,..........a
342,1715,9.40081E-001,-2.00E+00,0.00000E+000,-1.88E+00,-2.00E+00,-1.74E-04,-3.28E+02,12,..........a
343,1720,9.37539E-001,-2.00E+00,0.00000E+000,-1.88E+00,-2.00E+00,-1.70E-04,-3.28E+02,12,..........a
344,1725,9.34964E-001,-2.00E+00,0.00000E+000,-1.87E+00,-2.00E+00,-1.70E-04,-3.28E+02,12,..........a
345,1730,9.32365E-001,-2.00E+00,0.00000E+000,-1.87E+00,-2.00E+00,-1.70E-04,-3.28E+02,12,..........a
346,1735,9.29762E-001,-2.00E+00,0.00000E+000,-1.86E+00,-2.00E+00,-1.68E-04,-3.28E+02,12,..........a
347,1740,9.27076E-001,-2.00E+00,0.00000E+000,-1.85E+00,-2.00E+00,-1.68E-04,-3.28E+02,12,..........a
348,1745,9.24327E-001,-2.00E+00,0.00000E+000,-1.85E+00,-2.00E+00,-1.91E-04,-3.28E+02,12,..........a
349,1750,9.21482E-001,-2.00E+00,0.00000E+000,-1.84E+00,-2.00E+00,-1.78E-04,-3.28E+02,12,..........a
350,1755,9.18627E-001,-2.00E+00,0.00000E+000,-1.84E+00,-2.00E+00,-1.67E-04,-3.28E+02,12,..........a
351,1760,9.15728E-001,-2.00E+00,0.00000E+000,-1.83E+00,-2.00E+00,-1.84E-04,-3.28E+02,12,..........a
352,1765,9.12787E-001,-2.00E+00,0.00000E+000,-1.83E+00,-2.00E+00,-1.79E-04,-3.28E+02,12,..........a
353,1770,9.09792E-001,-2.00E+00,0.00000E+000,-1.82E+00,-2.00E+00,-1.91E-04,-3.28E+02,12,..........a
354,1775,9.06702E-001,-2.00E+00,0.00000E+000,-1.81E+00,-2.00E+00,-1.94E-04,-3.28E+02,12,..........a
355,1780,9.03516E-001,-2.00E+00,0.00000E+000,-1.81E+00,-2.00E+00,-1.84E-04,-3.28E+02,12,..........a
356,1785,9.00253E-001,-2.00E+00,0.00000E+000,-1.80E+00,-2.00E+00,-1.73E-04,-3.28E+02,12,..........a
357,1790,8.96966E-001,-2.00E+00,0.00000E+000,-1.79E+00,-2.00E+00,-1.82E-04,-3.28E+02,12,..........a
358,1795,8.93636E-001,-2.00E+00,0.00000E+000,-1.79E+00,-2.00E+00,-1.81E-04,-3.28E+02,12,..........a
359,1800,8.90197E-001,-2.00E+00,0.00000E+000,-1.78E+00,-2.00E+00,-1.82E-04,-3.28E+02,12,..........a
360,1805,8.86663E-001,-2.00E+00,0.00000E+000,-1.77E+00,-2.00E+00,-1.93E-04,-3.28E+02,12,..........a
361,1810,8.83025E-001,-2.00E+00,0.00000E+000,-1.77E+00,-2.00E+00,-1.89E-04,-3.28E+02,12,..........a
362,1815,8.79338E-001,-2.00E+00,0.00000E+000,-1.76E+00,-2.00E+00,-1.86E-04,-3.28E+02,12,..........a
363,1820,8.75525E-001,-2.00E+00,0.00000E+000,-1.75E+00,-2.00E+00,-1.87E-04,-3.28E+02,12,..........a
364,1825,8.71685E-001,-2.00E+00,0.00000E+000,-1.74E+00,-2.00E+00,-2.04E-04,-3.28E+02,12,..........a
365,1830,8.67730E-001,-2.00E+00,0.00000E+000,-1.74E+00,-2.00E+00,-1.98E-04,-3.28E+02,12,..........a
366,1835,8.63648E-001,-2.00E+00,0.00000E+000,-1.73E+00,-2.00E+00,-2.00E-04,-3.28E+02,12,..........a
367,1840,8.59425E-001,-2.00E+00,0.00000E+000,-1.72E+00,-2.00E+00,-2.13E-04,-3.28E+02,12,..........a
368,1845,8.55133E-001,-2.00E+00,0.00000E+000,-1.71E+00,-2.00E+00,-1.98E-04,-3.28E+02,12,..........a
369,1850,8.50737E-001,-2.00E+00,0.00000E+000,-1.70E+00,-2.00E+00,-1.87E-04,-3.28E+02,12,..........a
370,1855,8.46168E-001,-2.00E+00,0.00000E+000,-1.69E+00,-2.00E+00,-1.87E-04,-3.28E+02,12,..........a
371,1860,8.41560E-001,-2.00E+00,0.00000E+000,-1.68E+00,-2.00E+00,-1.98E-04,-3.28E+02,12,..........a
372,1865,8.36719E-001,-2.00E+00,0.00000E+000,-1.67E+00,-2.00E+00,-1.87E-04,-3.28E+02,12,..........a
373,1870,8.31791E-001,-2.00E+00,0.00000E+000,-1.66E+00,-2.00E+00,-1.88E-04,-3.28E+02,12,..........a
374,1875,8.26680E-001,-2.00E+00,0.00000E+000,-1.65E+00,-2.00E+00,-2.02E-04,-3.28E+02,12,..........a
375,1880,8.21374E-001,-2.00E+00,0.00000E+000,-1.64E+00,-2.00E+00,-2.19E-04,-3.28E+02,12,..........a
376,1885,8.15969E-001,-2.00E+00,0.00000E+000,-1.63E+00,-2.00E+00,-2.43E-04,-3.28E+02,12,..........a
377,1890,8.10380E-001,-2.00E+00,0.00000E+000,-1.62E+00,-2.00E+00,-2.46E-04,-3.28E+02,12,..........a
378,1895,8.04689E-001,-2.00E+00,0.00000E+000,-1.61E+00,-2.00E+00,-2.34E-04,-3.28E+02,12,..........a
379,1900,7.98737E-001,-2.00E+00,0.00000E+000,-1.60E+00,-2.00E+00,-2.46E-04,-3.28E+02,12,..........a
380,1905,7.92620E-001,-2.00E+00,0.00000E+000,-1.59E+00,-2.00E+00,-2.40E-04,-3.28E+02,12,..........a
381,1910,7.86249E-001,-2.00E+00,0.00000E+000,-1.57E+00,-2.00E+00,-2.33E-04,-3.28E+02,12,..........a
382,1915,7.79709E-001,-2.00E+00,0.00000E+000,-1.56E+00,-2.00E+00,-2.25E-04,-3.28E+02,12,..........a
383,1920,7.72894E-001,-2.00E+00,0.00000E+000,-1.55E+00,-2.00E+00,-2.23E-04,-3.28E+02,12,..........a
384,1925,7.65788E-001,-2.00E+00,0.00000E+000,-1.53E+00,-2.00E+00,-2.41E-04,-3.28E+02,12,..........a
385,1930,7.58421E-001,-2.00E+00,0.00000E+000,-1.52E+00,-2.00E+00,-2.47E-04,-3.28E+02,12,..........a
386,1935,7.50654E-001,-2.00E+00,0.00000E+000,-1.50E+00,-2.00E+00,-2.51E-04,-3.28E+02,12,..........a
387,1940,7.42559E-001,-2.00E+00,0.00000E+000,-1.49E+00,-2.00E+00,-2.52E-04,-3.28E+02,12,..........a
388,1945,7.33950E-001,-2.00E+00,0.00000E+000,-1.47E+00,-2.00E+00,-2.49E-04,-3.28E+02,12,..........a
389,1950,7.24937E-001,-2.00E+00,0.00000E+000,-1.45E+00,-2.00E+00,-2.63E-04,-3.28E+02,12,..........a
390,1955,7.15338E-001,-2.00E+00,0.00000E+000,-1.43E+00,-2.00E+00,-2.71E-04,-3.28E+02,12,..........a
391,1960,7.05215E-001,-2.00E+00,0.00000E+000,-1.41E+00,-2.00E+00,-2.62E-04,-3.28E+02,12,..........a
392,1965,6.94568E-001,-2.00E+00,0.00000E+000,-1.39E+00,-2.00E+00,-2.80E-04,-3.28E+02,12,..........a
393,1970,6.83037E-001,-2.00E+00,0.00000E+000,-1.37E+00,-2.00E+00,-2.69E-04,-3.28E+02,12,..........a
394,1975,6.70713E-001,-2.00E+00,0.00000E+000,-1.34E+00,-2.00E+00,-2.73E-04,-3.28E+02,12,..........a
395,1980,6.57330E-001,-2.00E+00,0.00000E+000,-1.32E+00,-2.00E+00,-2.83E-04,-3.28E+02,12,..........a
396,1985,6.43081E-001,-2.00E+00,0.00000E+000,-1.29E+00,-2.00E+00,-2.78E-04,-3.28E+02,12,..........a
397,1990,6.27634E-001,-2.00E+00,0.00000E+000,-1.26E+00,-2.00E+00,-2.66E-04,-3.28E+02,12,..........a
398,1995,6.10859E-001,-2.00E+00,0.00000E+000,-1.22E+00,-2.00E+00,-2.75E-04,-3.28E+02,12,..........a
399,2000,5.92685E-001,-2.00E+00,0.00000E+000,-1.19E+00,-2.00E+00,-2.77E-04,-3.28E+02,12,..........a
400,2005,5.72799E-001,-2.00E+00,0.00000E+000,-1.15E+00,-2.00E+00,-2.73E-04,-3.28E+02,12,..........a
401,2010,5.51210E-001,-2.00E+00,0.00000E+000,-1.10E+00,-2.00E+00,-2.68E-04,-3.28E+02,12,..........a
402,2015,5.27179E-001,-2.00E+00,0.00000E+000,-1.05E+00,-2.00E+00,-2.62E-04,-3.28E+02,12,..........a
403,2015.6,5.13396E-001,-2.00E+00,0.00000E+000,-1.03E+00,-2.00E+00,-2.62E-04,-3.28E+02,12,..........a